Name,Joining Date,Email Address,Department,Monthly salary
Basil,03/07/23,basil890@gmail.com,MBA,15000
Sara,03/07/23,sara654@gmail.com,MCA,15000
Thomas,04/07/23,thomas98@gmail.com,MBA,12000
Devika,04/07/23,devika432@gmail.com,MBA,12500
Dhanas,04/07/23,dhanas356@gmail.com,MSC,14000
Rahul,04/07/23,rahul987@gmailcom,MCA,15000
